timestep,time,price [EUR/kWh],grid power [kW],ext.load [kW],feed-in [kW],battery power [kW],bat. stored energy [kWh],flex min [kW],flex base [kW],flex max [kW],sum CS power,# occupied CS,CS_golf_0,CS_sprinter_0
0,2018-01-01 00:00:00,0.3,-0.0,0,0,0.0,0.0,0,0,208.0,0,2,0,0
1,2018-01-01 00:15:00,0.3,-0.0,0,0,0.0,0.0,-166.25,0,208.0,0,2,0,0
2,2018-01-01 00:30:00,0.3,-0.0,0,0,0.0,0.0,-166.25,0,208.0,0,2,0,0
3,2018-01-01 00:45:00,0.3,-0.0,0,0,0.0,0.0,-166.25,0,208.0,0,2,0,0
4,2018-01-01 01:00:00,0.3,-0.0,0,0,0.0,0.0,-166.25,0,208.0,0,2,0,0
5,2018-01-01 01:15:00,0.3,-0.0,0,0,0.0,0.0,-166.25,0,208.0,0,2,0,0
6,2018-01-01 01:30:00,0.3,-0.0,0,0,0.0,0.0,-166.25,0,208.0,0,2,0,0
7,2018-01-01 01:45:00,0.3,-0.0,0,0,0.0,0.0,-166.25,0,208.0,0,2,0,0
8,2018-01-01 02:00:00,0.3,-0.0,0,0,0.0,0.0,-166.25,0,208.0,0,2,0,0
9,2018-01-01 02:15:00,0.3,-0.0,0,0,0.0,0.0,-166.25,0,208.0,0,2,0,0
10,2018-01-01 02:30:00,0.3,-0.0,0,0,0.0,0.0,-166.25,0,208.0,0,2,0,0
11,2018-01-01 02:45:00,0.3,-0.0,0,0,0.0,0.0,-166.25,0,208.0,0,2,0,0
12,2018-01-01 03:00:00,0.3,-0.0,0,0,0.0,0.0,-166.25,0,208.0,0,2,0,0
13,2018-01-01 03:15:00,0.3,-0.0,0,0,0.0,0.0,-166.25,0,208.0,0,2,0,0
14,2018-01-01 03:30:00,0.3,-0.0,0,0,0.0,0.0,-166.25,0,208.0,0,2,0,0
15,2018-01-01 03:45:00,0.3,-0.0,0,0,0.0,0.0,-166.25,0,208.0,0,2,0,0
16,2018-01-01 04:00:00,0.3,-0.0,0,0,0.0,0.0,-166.25,0,208.0,0,2,0,0
17,2018-01-01 04:15:00,0.3,-0.0,0,0,0.0,0.0,-166.25,0,208.0,0,2,0,0
18,2018-01-01 04:30:00,0.3,-0.0,0,0,0.0,0.0,-166.25,0,208.0,0,2,0,0
19,2018-01-01 04:45:00,0.3,-0.0,0,0,0.0,0.0,-166.25,0,208.0,0,2,0,0
20,2018-01-01 05:00:00,0.3,-0.0,0,0,0.0,0.0,-166.25,0,208.0,0,2,0,0
21,2018-01-01 05:15:00,0.3,-0.0,0,0,0.0,0.0,-166.25,0,208.0,0,2,0,0
22,2018-01-01 05:30:00,0.3,-0.0,0,0,0.0,0.0,-166.25,0,208.0,0,2,0,0
23,2018-01-01 05:45:00,0.3,-0.0,0,0,0.0,0.0,-166.25,0,208.0,0,2,0,0
24,2018-01-01 06:00:00,0.1,-0.0,0,0,0.0,0.0,-166.25,0,208.0,0,2,0,0
25,2018-01-01 06:15:00,0.1,-0.0,0,0,0.0,0.0,-166.25,0,208.0,0,2,0,0
26,2018-01-01 06:30:00,0.1,-0.0,0,0,0.0,0.0,-166.25,0,208.0,0,2,0,0
27,2018-01-01 06:45:00,0.1,-0.0,0,0,0.0,0.0,-166.25,0,208.0,0,2,0,0
28,2018-01-01 07:00:00,0.1,-0.0,0,0,0.0,0.0,-166.25,0,208.0,0,2,0,0
29,2018-01-01 07:15:00,0.1,-0.0,0,0,0.0,0.0,-166.25,0,208.0,0,2,0,0
30,2018-01-01 07:30:00,0.1,-0.0,0,0,0.0,0.0,-166.25,0,208.0,0,2,0,0
31,2018-01-01 07:45:00,0.1,-0.0,0,0,0.0,0.0,-166.25,0,208.0,0,2,0,0
32,2018-01-01 08:00:00,0.1,-0.0,0,0,0.0,0.0,-166.25,0,186.0,0,1,0,0
33,2018-01-01 08:15:00,0.1,-0.0,0,0,0.0,0.0,-166.25,0,186.0,0,1,0,0
34,2018-01-01 08:30:00,0.1,-0.0,0,0,0.0,0.0,-166.25,0,186.0,0,1,0,0
35,2018-01-01 08:45:00,0.1,-0.0,0,0,0.0,0.0,-166.25,0,186.0,0,1,0,0
36,2018-01-01 09:00:00,0.1,-0.0,0,0,0.0,0.0,-166.25,0,175.0,0,0,0,0
37,2018-01-01 09:15:00,0.1,-0.0,0,0,0.0,0.0,-166.25,0,175.0,0,0,0,0
38,2018-01-01 09:30:00,0.1,-0.0,0,0,0.0,0.0,-166.25,0,175.0,0,0,0,0
39,2018-01-01 09:45:00,0.1,-0.0,0,0,0.0,0.0,-166.25,0,175.0,0,0,0,0
40,2018-01-01 10:00:00,0.1,-0.0,0,0,0.0,0.0,-166.25,0,175.0,0,0,0,0
41,2018-01-01 10:15:00,0.1,-0.0,0,0,0.0,0.0,-166.25,0,175.0,0,0,0,0
42,2018-01-01 10:30:00,0.1,-0.0,0,0,0.0,0.0,-166.25,0,175.0,0,0,0,0
43,2018-01-01 10:45:00,0.1,-0.0,0,0,0.0,0.0,-166.25,0,175.0,0,0,0,0
44,2018-01-01 11:00:00,0.1,-0.0,0,0,0.0,0.0,-166.25,0,175.0,0,0,0,0
45,2018-01-01 11:15:00,0.1,-0.0,0,0,0.0,0.0,-166.25,0,175.0,0,0,0,0
46,2018-01-01 11:30:00,0.1,-0.0,0,0,0.0,0.0,-166.25,0,175.0,0,0,0,0
47,2018-01-01 11:45:00,0.1,-0.0,0,0,0.0,0.0,-166.25,0,175.0,0,0,0,0
48,2018-01-01 12:00:00,0.1,-0.0,0,0,0.0,0.0,-166.25,0,175.0,0,0,0,0
49,2018-01-01 12:15:00,0.1,-0.0,0,0,0.0,0.0,-166.25,0,175.0,0,0,0,0
50,2018-01-01 12:30:00,0.1,-0.0,0,0,0.0,0.0,-166.25,0,175.0,0,0,0,0
51,2018-01-01 12:45:00,0.1,-0.0,0,0,0.0,0.0,-166.25,0,175.0,0,0,0,0
52,2018-01-01 13:00:00,0.1,-0.0,0,0,0.0,0.0,-166.25,0,175.0,0,0,0,0
53,2018-01-01 13:15:00,0.1,-0.0,0,0,0.0,0.0,-166.25,0,175.0,0,0,0,0
54,2018-01-01 13:30:00,0.1,-0.0,0,0,0.0,0.0,-166.25,0,175.0,0,0,0,0
55,2018-01-01 13:45:00,0.1,-0.0,0,0,0.0,0.0,-166.25,0,175.0,0,0,0,0
56,2018-01-01 14:00:00,0.1,-0.0,0,0,0.0,0.0,-166.25,0,175.0,0,0,0,0
57,2018-01-01 14:15:00,0.1,-0.0,0,0,0.0,0.0,-166.25,0,175.0,0,0,0,0
58,2018-01-01 14:30:00,0.1,-0.0,0,0,0.0,0.0,-166.25,0,175.0,0,0,0,0
59,2018-01-01 14:45:00,0.1,-0.0,0,0,0.0,0.0,-166.25,0,175.0,0,0,0,0
60,2018-01-01 15:00:00,0.1,-22.0,0,0,0,0.0,-166.25,0,197.0,22.0,1,22.0,0
61,2018-01-01 15:15:00,0.1,-10.17,0,0,0,0.0,-166.25,0,197.0,10.17,1,10.17,0
62,2018-01-01 15:30:00,0.1,-0.0,0,0,0.0,0.0,-166.25,0,197.0,0,1,0,0
63,2018-01-01 15:45:00,0.1,-0.0,0,0,0.0,0.0,-166.25,0,197.0,0,1,0,0
64,2018-01-01 16:00:00,0.1,-0.0,0,0,0.0,0.0,-166.25,0,197.0,0,1,0,0
65,2018-01-01 16:15:00,0.1,-0.0,0,0,0.0,0.0,-166.25,0,197.0,0,1,0,0
66,2018-01-01 16:30:00,0.1,-0.0,0,0,0.0,0.0,-166.25,0,197.0,0,1,0,0
67,2018-01-01 16:45:00,0.1,-0.0,0,0,0.0,0.0,-166.25,0,197.0,0,1,0,0
68,2018-01-01 17:00:00,0.01,-0.0,0,0,0.0,0.0,-166.25,0,197.0,0,1,0,0
69,2018-01-01 17:15:00,0.01,-0.0,0,0,0.0,0.0,-166.25,0,197.0,0,1,0,0
70,2018-01-01 17:30:00,0.01,-0.0,0,0,0.0,0.0,-166.25,0,197.0,0,1,0,0
71,2018-01-01 17:45:00,0.01,-0.0,0,0,0.0,0.0,-166.25,0,197.0,0,1,0,0
72,2018-01-01 18:00:00,0.01,-0.0,0,0,0.0,0.0,-166.25,0,197.0,0,1,0,0
73,2018-01-01 18:15:00,0.01,-0.0,0,0,0.0,0.0,-166.25,0,197.0,0,1,0,0
74,2018-01-01 18:30:00,0.01,-0.0,0,0,0.0,0.0,-166.25,0,197.0,0,1,0,0
75,2018-01-01 18:45:00,0.01,-0.0,0,0,0.0,0.0,-166.25,0,197.0,0,1,0,0
76,2018-01-01 19:00:00,0.01,-0.0,0,0,0.0,0.0,-166.25,0,197.0,0,1,0,0
77,2018-01-01 19:15:00,0.01,-11.0,0,0,0,0.0,-166.25,0,208.0,11.0,2,0,11.0
78,2018-01-01 19:30:00,0.01,-11.0,0,0,0,0.0,-166.25,0,208.0,11.0,2,0,11.0
79,2018-01-01 19:45:00,0.01,-11.0,0,0,0,0.0,-166.25,0,208.0,11.0,2,0,11.0
80,2018-01-01 20:00:00,0.01,-11.0,0,0,0,0.0,-166.25,0,208.0,11.0,2,0,11.0
81,2018-01-01 20:15:00,0.01,-11.0,0,0,0,0.0,-166.25,0,208.0,11.0,2,0,11.0
82,2018-01-01 20:30:00,0.01,-11.0,0,0,0,0.0,-166.25,0,208.0,11.0,2,0,11.0
83,2018-01-01 20:45:00,0.01,-11.0,0,0,0,0.0,-166.25,0,208.0,11.0,2,0,11.0
84,2018-01-01 21:00:00,0.01,-4.6,0,0,0,0.0,-166.25,0,208.0,4.6,2,0,4.6
85,2018-01-01 21:15:00,0.01,-0.0,0,0,0.0,0.0,-166.25,0,208.0,0,2,0,0
86,2018-01-01 21:30:00,0.01,-0.0,0,0,0.0,0.0,-166.25,0,208.0,0,2,0,0
87,2018-01-01 21:45:00,0.01,-0.0,0,0,0.0,0.0,-166.25,0,208.0,0,2,0,0
88,2018-01-01 22:00:00,0.01,-0.0,0,0,0.0,0.0,-166.25,0,208.0,0,2,0,0
89,2018-01-01 22:15:00,0.01,-0.0,0,0,0.0,0.0,-166.25,0,208.0,0,2,0,0
90,2018-01-01 22:30:00,0.01,-0.0,0,0,0.0,0.0,-166.25,0,208.0,0,2,0,0
91,2018-01-01 22:45:00,0.01,-0.0,0,0,0.0,0.0,-166.25,0,208.0,0,2,0,0
92,2018-01-01 23:00:00,0.01,-0.0,0,0,0.0,0.0,-166.25,0,208.0,0,2,0,0
93,2018-01-01 23:15:00,0.01,-0.0,0,0,0.0,0.0,-166.25,0,208.0,0,2,0,0
94,2018-01-01 23:30:00,0.01,-0.0,0,0,0.0,0.0,-166.25,0,208.0,0,2,0,0
95,2018-01-01 23:45:00,0.01,-0.0,0,0,0.0,0.0,-166.25,0,208.0,0,2,0,0
96,2018-01-02 00:00:00,0.01,-0.0,0,0,0.0,0.0,-166.25,0,208.0,0,2,0,0
97,2018-01-02 00:15:00,0.01,-0.0,0,0,0.0,0.0,-166.25,0,208.0,0,2,0,0
98,2018-01-02 00:30:00,0.01,-0.0,0,0,0.0,0.0,-166.25,0,208.0,0,2,0,0
99,2018-01-02 00:45:00,0.01,-0.0,0,0,0.0,0.0,-166.25,0,208.0,0,2,0,0
100,2018-01-02 01:00:00,0.01,-0.0,0,0,0.0,0.0,-166.25,0,208.0,0,2,0,0
101,2018-01-02 01:15:00,0.01,-0.0,0,0,0.0,0.0,-166.25,0,208.0,0,2,0,0
102,2018-01-02 01:30:00,0.01,-0.0,0,0,0.0,0.0,-166.25,0,208.0,0,2,0,0
103,2018-01-02 01:45:00,0.01,-0.0,0,0,0.0,0.0,-166.25,0,208.0,0,2,0,0
104,2018-01-02 02:00:00,0.01,-0.0,0,0,0.0,0.0,-166.25,0,208.0,0,2,0,0
105,2018-01-02 02:15:00,0.01,-0.0,0,0,0.0,0.0,-166.25,0,208.0,0,2,0,0
106,2018-01-02 02:30:00,0.01,-0.0,0,0,0.0,0.0,-166.25,0,208.0,0,2,0,0
107,2018-01-02 02:45:00,0.01,-0.0,0,0,0.0,0.0,-166.25,0,208.0,0,2,0,0
108,2018-01-02 03:00:00,0.01,-0.0,0,0,0.0,0.0,-166.25,0,208.0,0,2,0,0
109,2018-01-02 03:15:00,0.01,-0.0,0,0,0.0,0.0,-166.25,0,208.0,0,2,0,0
110,2018-01-02 03:30:00,0.01,-0.0,0,0,0.0,0.0,-166.25,0,208.0,0,2,0,0
111,2018-01-02 03:45:00,0.01,-0.0,0,0,0.0,0.0,-166.25,0,208.0,0,2,0,0
112,2018-01-02 04:00:00,0.01,-0.0,0,0,0.0,0.0,-166.25,0,208.0,0,2,0,0
113,2018-01-02 04:15:00,0.01,-0.0,0,0,0.0,0.0,-166.25,0,208.0,0,2,0,0
114,2018-01-02 04:30:00,0.01,-0.0,0,0,0.0,0.0,-166.25,0,208.0,0,2,0,0
115,2018-01-02 04:45:00,0.01,-0.0,0,0,0.0,0.0,-166.25,0,208.0,0,2,0,0
116,2018-01-02 05:00:00,0.01,-0.0,0,0,0.0,0.0,-166.25,0,208.0,0,2,0,0
117,2018-01-02 05:15:00,0.01,-0.0,0,0,0.0,0.0,-166.25,0,208.0,0,2,0,0
118,2018-01-02 05:30:00,0.01,-0.0,0,0,0.0,0.0,-166.25,0,208.0,0,2,0,0
119,2018-01-02 05:45:00,0.01,-0.0,0,0,0.0,0.0,-166.25,0,208.0,0,2,0,0
120,2018-01-02 06:00:00,0.07,-0.0,0,0,0.0,0.0,-166.25,0,208.0,0,2,0,0
121,2018-01-02 06:15:00,0.07,-0.0,0,0,0.0,0.0,-166.25,0,208.0,0,2,0,0
122,2018-01-02 06:30:00,0.07,-0.0,0,0,0.0,0.0,-166.25,0,208.0,0,2,0,0
123,2018-01-02 06:45:00,0.07,-0.0,0,0,0.0,0.0,-166.25,0,208.0,0,2,0,0
124,2018-01-02 07:00:00,0.07,-0.0,0,0,0.0,0.0,-166.25,0,208.0,0,2,0,0
125,2018-01-02 07:15:00,0.07,-0.0,0,0,0.0,0.0,-166.25,0,208.0,0,2,0,0
126,2018-01-02 07:30:00,0.07,-0.0,0,0,0.0,0.0,-166.25,0,208.0,0,2,0,0
127,2018-01-02 07:45:00,0.07,-0.0,0,0,0.0,0.0,-166.25,0,208.0,0,2,0,0
128,2018-01-02 08:00:00,0.07,-0.0,0,0,0.0,0.0,-166.25,0,186.0,0,1,0,0
129,2018-01-02 08:15:00,0.07,-0.0,0,0,0.0,0.0,-166.25,0,186.0,0,1,0,0
130,2018-01-02 08:30:00,0.07,-0.0,0,0,0.0,0.0,-166.25,0,175.0,0,0,0,0
131,2018-01-02 08:45:00,0.07,-0.0,0,0,0.0,0.0,-166.25,0,175.0,0,0,0,0
132,2018-01-02 09:00:00,0.07,-0.0,0,0,0.0,0.0,-166.25,0,175.0,0,0,0,0
133,2018-01-02 09:15:00,0.07,-0.0,0,0,0.0,0.0,-166.25,0,175.0,0,0,0,0
134,2018-01-02 09:30:00,0.07,-0.0,0,0,0.0,0.0,-166.25,0,175.0,0,0,0,0
135,2018-01-02 09:45:00,0.07,-0.0,0,0,0.0,0.0,-166.25,0,175.0,0,0,0,0
136,2018-01-02 10:00:00,0.07,-0.0,0,0,0.0,0.0,-166.25,0,175.0,0,0,0,0
137,2018-01-02 10:15:00,0.07,-0.0,0,0,0.0,0.0,-166.25,0,175.0,0,0,0,0
138,2018-01-02 10:30:00,0.07,-0.0,0,0,0.0,0.0,-166.25,0,175.0,0,0,0,0
139,2018-01-02 10:45:00,0.07,-0.0,0,0,0.0,0.0,-166.25,0,175.0,0,0,0,0
140,2018-01-02 11:00:00,0.07,-0.0,0,0,0.0,0.0,-166.25,0,175.0,0,0,0,0
141,2018-01-02 11:15:00,0.07,-0.0,0,0,0.0,0.0,-166.25,0,175.0,0,0,0,0
142,2018-01-02 11:30:00,0.07,-0.0,0,0,0.0,0.0,-166.25,0,175.0,0,0,0,0
143,2018-01-02 11:45:00,0.07,-0.0,0,0,0.0,0.0,-166.25,0,175.0,0,0,0,0
144,2018-01-02 12:00:00,0.07,-0.0,0,0,0.0,0.0,-166.25,0,175.0,0,0,0,0
145,2018-01-02 12:15:00,0.07,-0.0,0,0,0.0,0.0,-166.25,0,175.0,0,0,0,0
146,2018-01-02 12:30:00,0.07,-0.0,0,0,0.0,0.0,-166.25,0,175.0,0,0,0,0
147,2018-01-02 12:45:00,0.07,-0.0,0,0,0.0,0.0,-166.25,0,175.0,0,0,0,0
148,2018-01-02 13:00:00,0.07,-0.0,0,0,0.0,0.0,-166.25,0,175.0,0,0,0,0
149,2018-01-02 13:15:00,0.07,-0.0,0,0,0.0,0.0,-166.25,0,175.0,0,0,0,0
150,2018-01-02 13:30:00,0.07,-0.0,0,0,0.0,0.0,-166.25,0,175.0,0,0,0,0
151,2018-01-02 13:45:00,0.07,-0.0,0,0,0.0,0.0,-166.25,0,175.0,0,0,0,0
152,2018-01-02 14:00:00,0.07,-0.0,0,0,0.0,0.0,-166.25,0,175.0,0,0,0,0
153,2018-01-02 14:15:00,0.07,-0.0,0,0,0.0,0.0,-166.25,0,175.0,0,0,0,0
154,2018-01-02 14:30:00,0.07,-0.0,0,0,0.0,0.0,-166.25,0,175.0,0,0,0,0
155,2018-01-02 14:45:00,0.07,-0.0,0,0,0.0,0.0,-166.25,0,175.0,0,0,0,0
156,2018-01-02 15:00:00,0.07,-0.0,0,0,0.0,0.0,-166.25,0,175.0,0,0,0,0
157,2018-01-02 15:15:00,0.07,-0.0,0,0,0.0,0.0,-166.25,0,175.0,0,0,0,0
158,2018-01-02 15:30:00,0.07,-0.0,0,0,0.0,0.0,-166.25,0,175.0,0,0,0,0
159,2018-01-02 15:45:00,0.07,-0.0,0,0,0.0,0.0,-166.25,0,175.0,0,0,0,0
160,2018-01-02 16:00:00,0.07,-0.0,0,0,0.0,0.0,-166.25,0,175.0,0,0,0,0
161,2018-01-02 16:15:00,0.07,-22.0,0,0,0,0.0,-166.25,0,197.0,22.0,1,22.0,0
162,2018-01-02 16:30:00,0.07,-8.88,0,0,0,0.0,-166.25,0,197.0,8.88,1,8.88,0
163,2018-01-02 16:45:00,0.07,-0.0,0,0,0.0,0.0,-166.25,0,197.0,0,1,0,0
164,2018-01-02 17:00:00,0.07,-11.0,0,0,0,0.0,-166.25,0,208.0,11.0,2,0,11.0
165,2018-01-02 17:15:00,0.07,-11.0,0,0,0,0.0,-166.25,0,208.0,11.0,2,0,11.0
166,2018-01-02 17:30:00,0.07,-11.0,0,0,0,0.0,-166.25,0,208.0,11.0,2,0,11.0
167,2018-01-02 17:45:00,0.07,-11.0,0,0,0,0.0,-166.25,0,208.0,11.0,2,0,11.0
168,2018-01-02 18:00:00,0.07,-11.0,0,0,0,0.0,-166.25,0,208.0,11.0,2,0,11.0
169,2018-01-02 18:15:00,0.07,-11.0,0,0,0,0.0,-166.25,0,208.0,11.0,2,0,11.0
170,2018-01-02 18:30:00,0.07,-11.0,0,0,0,0.0,-166.25,0,208.0,11.0,2,0,11.0
171,2018-01-02 18:45:00,0.07,-11.0,0,0,0,0.0,-166.25,0,208.0,11.0,2,0,11.0
172,2018-01-02 19:00:00,0.07,-9.68,0,0,0,0.0,-166.25,0,208.0,9.68,2,0,9.68
173,2018-01-02 19:15:00,0.07,-0.0,0,0,0.0,0.0,-166.25,0,208.0,0,2,0,0
174,2018-01-02 19:30:00,0.07,-0.0,0,0,0.0,0.0,-166.25,0,208.0,0,2,0,0
175,2018-01-02 19:45:00,0.07,-0.0,0,0,0.0,0.0,-166.25,0,208.0,0,2,0,0
176,2018-01-02 20:00:00,0.07,-0.0,0,0,0.0,0.0,-166.25,0,208.0,0,2,0,0
177,2018-01-02 20:15:00,0.07,-0.0,0,0,0.0,0.0,-166.25,0,208.0,0,2,0,0
178,2018-01-02 20:30:00,0.07,-0.0,0,0,0.0,0.0,-166.25,0,208.0,0,2,0,0
179,2018-01-02 20:45:00,0.07,-0.0,0,0,0.0,0.0,-166.25,0,208.0,0,2,0,0
180,2018-01-02 21:00:00,0.07,-0.0,0,0,0.0,0.0,-166.25,0,208.0,0,2,0,0
181,2018-01-02 21:15:00,0.07,-0.0,0,0,0.0,0.0,-166.25,0,208.0,0,2,0,0
182,2018-01-02 21:30:00,0.07,-0.0,0,0,0.0,0.0,-166.25,0,208.0,0,2,0,0
183,2018-01-02 21:45:00,0.07,-0.0,0,0,0.0,0.0,-166.25,0,208.0,0,2,0,0
184,2018-01-02 22:00:00,0.07,-0.0,0,0,0.0,0.0,-166.25,0,208.0,0,2,0,0
185,2018-01-02 22:15:00,0.07,-0.0,0,0,0.0,0.0,-166.25,0,208.0,0,2,0,0
186,2018-01-02 22:30:00,0.07,-0.0,0,0,0.0,0.0,-166.25,0,208.0,0,2,0,0
187,2018-01-02 22:45:00,0.07,-0.0,0,0,0.0,0.0,-166.25,0,208.0,0,2,0,0
188,2018-01-02 23:00:00,0.07,-0.0,0,0,0.0,0.0,-166.25,0,208.0,0,2,0,0
189,2018-01-02 23:15:00,0.07,-0.0,0,0,0.0,0.0,-166.25,0,208.0,0,2,0,0
190,2018-01-02 23:30:00,0.07,-0.0,0,0,0.0,0.0,-166.25,0,208.0,0,2,0,0
191,2018-01-02 23:45:00,0.07,-0.0,0,0,0.0,0.0,-166.25,0,208.0,0,2,0,0
192,2018-01-03 00:00:00,0.07,-0.0,0,0,0.0,0.0,-166.25,0,208.0,0,2,0,0
193,2018-01-03 00:15:00,0.07,-0.0,0,0,0.0,0.0,-166.25,0,208.0,0,2,0,0
194,2018-01-03 00:30:00,0.07,-0.0,0,0,0.0,0.0,-166.25,0,208.0,0,2,0,0
195,2018-01-03 00:45:00,0.07,-0.0,0,0,0.0,0.0,-166.25,0,208.0,0,2,0,0
196,2018-01-03 01:00:00,0.07,-0.0,0,0,0.0,0.0,-166.25,0,208.0,0,2,0,0
197,2018-01-03 01:15:00,0.07,-0.0,0,0,0.0,0.0,-166.25,0,208.0,0,2,0,0
198,2018-01-03 01:30:00,0.07,-0.0,0,0,0.0,0.0,-166.25,0,208.0,0,2,0,0
199,2018-01-03 01:45:00,0.07,-0.0,0,0,0.0,0.0,-166.25,0,208.0,0,2,0,0
200,2018-01-03 02:00:00,0.07,-0.0,0,0,0.0,0.0,-166.25,0,208.0,0,2,0,0
201,2018-01-03 02:15:00,0.07,-0.0,0,0,0.0,0.0,-166.25,0,208.0,0,2,0,0
202,2018-01-03 02:30:00,0.07,-0.0,0,0,0.0,0.0,-166.25,0,208.0,0,2,0,0
203,2018-01-03 02:45:00,0.07,-0.0,0,0,0.0,0.0,-166.25,0,208.0,0,2,0,0
204,2018-01-03 03:00:00,0.07,-0.0,0,0,0.0,0.0,-166.25,0,208.0,0,2,0,0
205,2018-01-03 03:15:00,0.07,-0.0,0,0,0.0,0.0,-166.25,0,208.0,0,2,0,0
206,2018-01-03 03:30:00,0.07,-0.0,0,0,0.0,0.0,-166.25,0,208.0,0,2,0,0
207,2018-01-03 03:45:00,0.07,-0.0,0,0,0.0,0.0,-166.25,0,208.0,0,2,0,0
208,2018-01-03 04:00:00,0.07,-0.0,0,0,0.0,0.0,-166.25,0,208.0,0,2,0,0
209,2018-01-03 04:15:00,0.07,-0.0,0,0,0.0,0.0,-166.25,0,208.0,0,2,0,0
210,2018-01-03 04:30:00,0.07,-0.0,0,0,0.0,0.0,-166.25,0,208.0,0,2,0,0
211,2018-01-03 04:45:00,0.07,-0.0,0,0,0.0,0.0,-166.25,0,208.0,0,2,0,0
212,2018-01-03 05:00:00,0.07,-0.0,0,0,0.0,0.0,-166.25,0,208.0,0,2,0,0
213,2018-01-03 05:15:00,0.07,-0.0,0,0,0.0,0.0,-166.25,0,208.0,0,2,0,0
214,2018-01-03 05:30:00,0.07,-0.0,0,0,0.0,0.0,-166.25,0,208.0,0,2,0,0
215,2018-01-03 05:45:00,0.07,-0.0,0,0,0.0,0.0,-166.25,0,208.0,0,2,0,0
216,2018-01-03 06:00:00,0.2,-0.0,0,0,0.0,0.0,-166.25,0,208.0,0,2,0,0
217,2018-01-03 06:15:00,0.2,-0.0,0,0,0.0,0.0,-166.25,0,208.0,0,2,0,0
218,2018-01-03 06:30:00,0.2,-0.0,0,0,0.0,0.0,-166.25,0,208.0,0,2,0,0
219,2018-01-03 06:45:00,0.2,-0.0,0,0,0.0,0.0,-166.25,0,208.0,0,2,0,0
220,2018-01-03 07:00:00,0.2,-0.0,0,0,0.0,0.0,-166.25,0,208.0,0,2,0,0
221,2018-01-03 07:15:00,0.2,-0.0,0,0,0.0,0.0,-166.25,0,208.0,0,2,0,0
222,2018-01-03 07:30:00,0.2,-0.0,0,0,0.0,0.0,-166.25,0,208.0,0,2,0,0
223,2018-01-03 07:45:00,0.2,-0.0,0,0,0.0,0.0,-166.25,0,208.0,0,2,0,0
224,2018-01-03 08:00:00,0.2,-0.0,0,0,0.0,0.0,-166.25,0,208.0,0,2,0,0
225,2018-01-03 08:15:00,0.2,-0.0,0,0,0.0,0.0,-166.25,0,186.0,0,1,0,0
226,2018-01-03 08:30:00,0.2,-0.0,0,0,0.0,0.0,-166.25,0,175.0,0,0,0,0
227,2018-01-03 08:45:00,0.2,-0.0,0,0,0.0,0.0,-166.25,0,175.0,0,0,0,0
228,2018-01-03 09:00:00,0.2,-0.0,0,0,0.0,0.0,-166.25,0,175.0,0,0,0,0
229,2018-01-03 09:15:00,0.2,-0.0,0,0,0.0,0.0,-166.25,0,175.0,0,0,0,0
230,2018-01-03 09:30:00,0.2,-0.0,0,0,0.0,0.0,-166.25,0,175.0,0,0,0,0
231,2018-01-03 09:45:00,0.2,-0.0,0,0,0.0,0.0,-166.25,0,175.0,0,0,0,0
232,2018-01-03 10:00:00,0.2,-0.0,0,0,0.0,0.0,-166.25,0,175.0,0,0,0,0
233,2018-01-03 10:15:00,0.2,-0.0,0,0,0.0,0.0,-166.25,0,175.0,0,0,0,0
234,2018-01-03 10:30:00,0.2,-0.0,0,0,0.0,0.0,-166.25,0,175.0,0,0,0,0
235,2018-01-03 10:45:00,0.2,-0.0,0,0,0.0,0.0,-166.25,0,175.0,0,0,0,0
236,2018-01-03 11:00:00,0.2,-0.0,0,0,0.0,0.0,-166.25,0,175.0,0,0,0,0
237,2018-01-03 11:15:00,0.2,-0.0,0,0,0.0,0.0,-166.25,0,175.0,0,0,0,0
238,2018-01-03 11:30:00,0.2,-0.0,0,0,0.0,0.0,-166.25,0,175.0,0,0,0,0
239,2018-01-03 11:45:00,0.2,-0.0,0,0,0.0,0.0,-166.25,0,175.0,0,0,0,0
240,2018-01-03 12:00:00,0.2,-0.0,0,0,0.0,0.0,-166.25,0,175.0,0,0,0,0
241,2018-01-03 12:15:00,0.2,-0.0,0,0,0.0,0.0,-166.25,0,175.0,0,0,0,0
242,2018-01-03 12:30:00,0.2,-0.0,0,0,0.0,0.0,-166.25,0,175.0,0,0,0,0
243,2018-01-03 12:45:00,0.2,-0.0,0,0,0.0,0.0,-166.25,0,175.0,0,0,0,0
244,2018-01-03 13:00:00,0.2,-0.0,0,0,0.0,0.0,-166.25,0,175.0,0,0,0,0
245,2018-01-03 13:15:00,0.2,-0.0,0,0,0.0,0.0,-166.25,0,175.0,0,0,0,0
246,2018-01-03 13:30:00,0.2,-0.0,0,0,0.0,0.0,-166.25,0,175.0,0,0,0,0
247,2018-01-03 13:45:00,0.2,-0.0,0,0,0.0,0.0,-166.25,0,175.0,0,0,0,0
248,2018-01-03 14:00:00,0.2,-0.0,0,0,0.0,0.0,-166.25,0,175.0,0,0,0,0
249,2018-01-03 14:15:00,0.2,-0.0,0,0,0.0,0.0,-166.25,0,175.0,0,0,0,0
250,2018-01-03 14:30:00,0.2,-0.0,0,0,0.0,0.0,-166.25,0,175.0,0,0,0,0
251,2018-01-03 14:45:00,0.2,-0.0,0,0,0.0,0.0,-166.25,0,175.0,0,0,0,0
252,2018-01-03 15:00:00,0.2,-0.0,0,0,0.0,0.0,-166.25,0,175.0,0,0,0,0
253,2018-01-03 15:15:00,0.2,-0.0,0,0,0.0,0.0,-166.25,0,175.0,0,0,0,0
254,2018-01-03 15:30:00,0.2,-0.0,0,0,0.0,0.0,-166.25,0,175.0,0,0,0,0
255,2018-01-03 15:45:00,0.2,-0.0,0,0,0.0,0.0,-166.25,0,175.0,0,0,0,0
256,2018-01-03 16:00:00,0.2,-0.0,0,0,0.0,0.0,-166.25,0,175.0,0,0,0,0
257,2018-01-03 16:15:00,0.2,-0.0,0,0,0.0,0.0,-166.25,0,175.0,0,0,0,0
258,2018-01-03 16:30:00,0.2,-0.0,0,0,0.0,0.0,-166.25,0,175.0,0,0,0,0
259,2018-01-03 16:45:00,0.2,-0.0,0,0,0.0,0.0,-166.25,0,175.0,0,0,0,0
260,2018-01-03 17:00:00,0.04,-0.0,0,0,0.0,0.0,-166.25,0,175.0,0,0,0,0
261,2018-01-03 17:15:00,0.04,-0.0,0,0,0.0,0.0,-166.25,0,175.0,0,0,0,0
262,2018-01-03 17:30:00,0.04,-0.0,0,0,0.0,0.0,-166.25,0,175.0,0,0,0,0
263,2018-01-03 17:45:00,0.04,-0.0,0,0,0.0,0.0,-166.25,0,175.0,0,0,0,0
264,2018-01-03 18:00:00,0.04,-0.0,0,0,0.0,0.0,-166.25,0,175.0,0,0,0,0
265,2018-01-03 18:15:00,0.04,-22.0,0,0,0,0.0,-166.25,0,197.0,22.0,1,22.0,0
266,2018-01-03 18:30:00,0.04,-12.41,0,0,0,0.0,-166.25,0,197.0,12.41,1,12.41,0
267,2018-01-03 18:45:00,0.04,-0.0,0,0,0.0,0.0,-166.25,0,197.0,0,1,0,0
268,2018-01-03 19:00:00,0.04,-0.0,0,0,0.0,0.0,-166.25,0,197.0,0,1,0,0
269,2018-01-03 19:15:00,0.04,-0.0,0,0,0.0,0.0,-166.25,0,197.0,0,1,0,0
270,2018-01-03 19:30:00,0.04,-0.0,0,0,0.0,0.0,-166.25,0,197.0,0,1,0,0
271,2018-01-03 19:45:00,0.04,-0.0,0,0,0.0,0.0,-166.25,0,197.0,0,1,0,0
272,2018-01-03 20:00:00,0.04,-11.0,0,0,0,0.0,-166.25,0,208.0,11.0,2,0,11.0
273,2018-01-03 20:15:00,0.04,-11.0,0,0,0,0.0,-166.25,0,208.0,11.0,2,0,11.0
274,2018-01-03 20:30:00,0.04,-11.0,0,0,0,0.0,-166.25,0,208.0,11.0,2,0,11.0
275,2018-01-03 20:45:00,0.04,-11.0,0,0,0,0.0,-166.25,0,208.0,11.0,2,0,11.0
276,2018-01-03 21:00:00,0.04,-11.0,0,0,0,0.0,-166.25,0,208.0,11.0,2,0,11.0
277,2018-01-03 21:15:00,0.04,-11.0,0,0,0,0.0,-166.25,0,208.0,11.0,2,0,11.0
278,2018-01-03 21:30:00,0.04,-11.0,0,0,0,0.0,-166.25,0,208.0,11.0,2,0,11.0
279,2018-01-03 21:45:00,0.04,-9.18,0,0,0,0.0,-166.25,0,208.0,9.18,2,0,9.18
280,2018-01-03 22:00:00,0.04,-0.0,0,0,0.0,0.0,-166.25,0,208.0,0,2,0,0
281,2018-01-03 22:15:00,0.04,-0.0,0,0,0.0,0.0,-166.25,0,208.0,0,2,0,0
282,2018-01-03 22:30:00,0.04,-0.0,0,0,0.0,0.0,-166.25,0,208.0,0,2,0,0
283,2018-01-03 22:45:00,0.04,-0.0,0,0,0.0,0.0,-166.25,0,208.0,0,2,0,0
284,2018-01-03 23:00:00,0.04,-0.0,0,0,0.0,0.0,-166.25,0,208.0,0,2,0,0
285,2018-01-03 23:15:00,0.04,-0.0,0,0,0.0,0.0,-166.25,0,208.0,0,2,0,0
286,2018-01-03 23:30:00,0.04,-0.0,0,0,0.0,0.0,-166.25,0,208.0,0,2,0,0
287,2018-01-03 23:45:00,0.04,-0.0,0,0,0.0,0.0,-166.25,0,208.0,0,2,0,0
288,2018-01-04 00:00:00,0.04,-0.0,0,0,0.0,0.0,-166.25,0,208.0,0,2,0,0
289,2018-01-04 00:15:00,0.04,-0.0,0,0,0.0,0.0,-166.25,0,208.0,0,2,0,0
290,2018-01-04 00:30:00,0.04,-0.0,0,0,0.0,0.0,-166.25,0,208.0,0,2,0,0
291,2018-01-04 00:45:00,0.04,-0.0,0,0,0.0,0.0,-166.25,0,208.0,0,2,0,0
292,2018-01-04 01:00:00,0.04,-0.0,0,0,0.0,0.0,-166.25,0,208.0,0,2,0,0
293,2018-01-04 01:15:00,0.04,-0.0,0,0,0.0,0.0,-166.25,0,208.0,0,2,0,0
294,2018-01-04 01:30:00,0.04,-0.0,0,0,0.0,0.0,-166.25,0,208.0,0,2,0,0
295,2018-01-04 01:45:00,0.04,-0.0,0,0,0.0,0.0,-166.25,0,208.0,0,2,0,0
296,2018-01-04 02:00:00,0.04,-0.0,0,0,0.0,0.0,-166.25,0,208.0,0,2,0,0
297,2018-01-04 02:15:00,0.04,-0.0,0,0,0.0,0.0,-166.25,0,208.0,0,2,0,0
298,2018-01-04 02:30:00,0.04,-0.0,0,0,0.0,0.0,-166.25,0,208.0,0,2,0,0
299,2018-01-04 02:45:00,0.04,-0.0,0,0,0.0,0.0,-166.25,0,208.0,0,2,0,0
300,2018-01-04 03:00:00,0.04,-0.0,0,0,0.0,0.0,-166.25,0,208.0,0,2,0,0
301,2018-01-04 03:15:00,0.04,-0.0,0,0,0.0,0.0,-166.25,0,208.0,0,2,0,0
302,2018-01-04 03:30:00,0.04,-0.0,0,0,0.0,0.0,-166.25,0,208.0,0,2,0,0
303,2018-01-04 03:45:00,0.04,-0.0,0,0,0.0,0.0,-166.25,0,208.0,0,2,0,0
304,2018-01-04 04:00:00,0.04,-0.0,0,0,0.0,0.0,-166.25,0,208.0,0,2,0,0
305,2018-01-04 04:15:00,0.04,-0.0,0,0,0.0,0.0,-166.25,0,208.0,0,2,0,0
306,2018-01-04 04:30:00,0.04,-0.0,0,0,0.0,0.0,-166.25,0,208.0,0,2,0,0
307,2018-01-04 04:45:00,0.04,-0.0,0,0,0.0,0.0,-166.25,0,208.0,0,2,0,0
308,2018-01-04 05:00:00,0.04,-0.0,0,0,0.0,0.0,-166.25,0,208.0,0,2,0,0
309,2018-01-04 05:15:00,0.04,-0.0,0,0,0.0,0.0,-166.25,0,208.0,0,2,0,0
310,2018-01-04 05:30:00,0.04,-0.0,0,0,0.0,0.0,-166.25,0,208.0,0,2,0,0
311,2018-01-04 05:45:00,0.04,-0.0,0,0,0.0,0.0,-166.25,0,208.0,0,2,0,0
312,2018-01-04 06:00:00,0.15,-0.0,0,0,0.0,0.0,-166.25,0,208.0,0,2,0,0
313,2018-01-04 06:15:00,0.15,-0.0,0,0,0.0,0.0,-166.25,0,208.0,0,2,0,0
314,2018-01-04 06:30:00,0.15,-0.0,0,0,0.0,0.0,-166.25,0,208.0,0,2,0,0
315,2018-01-04 06:45:00,0.15,-0.0,0,0,0.0,0.0,-166.25,0,208.0,0,2,0,0
316,2018-01-04 07:00:00,0.15,-0.0,0,0,0.0,0.0,-166.25,0,208.0,0,2,0,0
317,2018-01-04 07:15:00,0.15,-0.0,0,0,0.0,0.0,-166.25,0,208.0,0,2,0,0
318,2018-01-04 07:30:00,0.15,-0.0,0,0,0.0,0.0,-166.25,0,208.0,0,2,0,0
319,2018-01-04 07:45:00,0.15,-0.0,0,0,0.0,0.0,-166.25,0,208.0,0,2,0,0
320,2018-01-04 08:00:00,0.15,-0.0,0,0,0.0,0.0,-166.25,0,208.0,0,2,0,0
321,2018-01-04 08:15:00,0.15,-0.0,0,0,0.0,0.0,-166.25,0,208.0,0,2,0,0
322,2018-01-04 08:30:00,0.15,-0.0,0,0,0.0,0.0,-166.25,0,175.0,0,0,0,0
323,2018-01-04 08:45:00,0.15,-0.0,0,0,0.0,0.0,-166.25,0,175.0,0,0,0,0
324,2018-01-04 09:00:00,0.15,-0.0,0,0,0.0,0.0,-166.25,0,175.0,0,0,0,0
325,2018-01-04 09:15:00,0.15,-0.0,0,0,0.0,0.0,-166.25,0,175.0,0,0,0,0
326,2018-01-04 09:30:00,0.15,-0.0,0,0,0.0,0.0,-166.25,0,175.0,0,0,0,0
327,2018-01-04 09:45:00,0.15,-0.0,0,0,0.0,0.0,-166.25,0,175.0,0,0,0,0
328,2018-01-04 10:00:00,0.15,-0.0,0,0,0.0,0.0,-166.25,0,175.0,0,0,0,0
329,2018-01-04 10:15:00,0.15,-0.0,0,0,0.0,0.0,-166.25,0,175.0,0,0,0,0
330,2018-01-04 10:30:00,0.15,-0.0,0,0,0.0,0.0,-166.25,0,175.0,0,0,0,0
331,2018-01-04 10:45:00,0.15,-0.0,0,0,0.0,0.0,-166.25,0,175.0,0,0,0,0
332,2018-01-04 11:00:00,0.15,-0.0,0,0,0.0,0.0,-166.25,0,175.0,0,0,0,0
333,2018-01-04 11:15:00,0.15,-0.0,0,0,0.0,0.0,-166.25,0,175.0,0,0,0,0
334,2018-01-04 11:30:00,0.15,-0.0,0,0,0.0,0.0,-166.25,0,175.0,0,0,0,0
335,2018-01-04 11:45:00,0.15,-0.0,0,0,0.0,0.0,-166.25,0,175.0,0,0,0,0
336,2018-01-04 12:00:00,0.15,-0.0,0,0,0.0,0.0,-166.25,0,175.0,0,0,0,0
337,2018-01-04 12:15:00,0.15,-0.0,0,0,0.0,0.0,-166.25,0,175.0,0,0,0,0
338,2018-01-04 12:30:00,0.15,-0.0,0,0,0.0,0.0,-166.25,0,175.0,0,0,0,0
339,2018-01-04 12:45:00,0.15,-0.0,0,0,0.0,0.0,-166.25,0,175.0,0,0,0,0
340,2018-01-04 13:00:00,0.15,-0.0,0,0,0.0,0.0,-166.25,0,175.0,0,0,0,0
341,2018-01-04 13:15:00,0.15,-0.0,0,0,0.0,0.0,-166.25,0,175.0,0,0,0,0
342,2018-01-04 13:30:00,0.15,-0.0,0,0,0.0,0.0,-166.25,0,175.0,0,0,0,0
343,2018-01-04 13:45:00,0.15,-0.0,0,0,0.0,0.0,-166.25,0,175.0,0,0,0,0
344,2018-01-04 14:00:00,0.15,-0.0,0,0,0.0,0.0,-166.25,0,175.0,0,0,0,0
345,2018-01-04 14:15:00,0.15,-0.0,0,0,0.0,0.0,-166.25,0,175.0,0,0,0,0
346,2018-01-04 14:30:00,0.15,-0.0,0,0,0.0,0.0,-166.25,0,175.0,0,0,0,0
347,2018-01-04 14:45:00,0.15,-0.0,0,0,0.0,0.0,-166.25,0,175.0,0,0,0,0
348,2018-01-04 15:00:00,0.15,-0.0,0,0,0.0,0.0,-166.25,0,175.0,0,0,0,0
349,2018-01-04 15:15:00,0.15,-22.0,0,0,0,0.0,-166.25,0,197.0,22.0,1,22.0,0
350,2018-01-04 15:30:00,0.15,-15.72,0,0,0,0.0,-166.25,0,197.0,15.72,1,15.72,0
351,2018-01-04 15:45:00,0.15,-0.0,0,0,0.0,0.0,-166.25,0,197.0,0,1,0,0
352,2018-01-04 16:00:00,0.15,-0.0,0,0,0.0,0.0,-166.25,0,197.0,0,1,0,0
353,2018-01-04 16:15:00,0.15,-0.0,0,0,0.0,0.0,-166.25,0,197.0,0,1,0,0
354,2018-01-04 16:30:00,0.15,-0.0,0,0,0.0,0.0,-166.25,0,197.0,0,1,0,0
355,2018-01-04 16:45:00,0.15,-0.0,0,0,0.0,0.0,-166.25,0,197.0,0,1,0,0
356,2018-01-04 17:00:00,0.07,-0.0,0,0,0.0,0.0,-166.25,0,197.0,0,1,0,0
357,2018-01-04 17:15:00,0.07,-0.0,0,0,0.0,0.0,-166.25,0,197.0,0,1,0,0
358,2018-01-04 17:30:00,0.07,-0.0,0,0,0.0,0.0,-166.25,0,197.0,0,1,0,0
359,2018-01-04 17:45:00,0.07,-0.0,0,0,0.0,0.0,-166.25,0,197.0,0,1,0,0
360,2018-01-04 18:00:00,0.07,-0.0,0,0,0.0,0.0,-166.25,0,197.0,0,1,0,0
361,2018-01-04 18:15:00,0.07,-11.0,0,0,0,0.0,-166.25,0,208.0,11.0,2,0,11.0
362,2018-01-04 18:30:00,0.07,-11.0,0,0,0,0.0,-166.25,0,208.0,11.0,2,0,11.0
363,2018-01-04 18:45:00,0.07,-11.0,0,0,0,0.0,-166.25,0,208.0,11.0,2,0,11.0
364,2018-01-04 19:00:00,0.07,-11.0,0,0,0,0.0,-166.25,0,208.0,11.0,2,0,11.0
365,2018-01-04 19:15:00,0.07,-11.0,0,0,0,0.0,-166.25,0,208.0,11.0,2,0,11.0
366,2018-01-04 19:30:00,0.07,-11.0,0,0,0,0.0,-166.25,0,208.0,11.0,2,0,11.0
367,2018-01-04 19:45:00,0.07,-11.0,0,0,0,0.0,-166.25,0,208.0,11.0,2,0,11.0
368,2018-01-04 20:00:00,0.07,-11.0,0,0,0,0.0,-166.25,0,208.0,11.0,2,0,11.0
369,2018-01-04 20:15:00,0.07,-11.0,0,0,0,0.0,-166.25,0,208.0,11.0,2,0,11.0
370,2018-01-04 20:30:00,0.07,-3.7,0,0,0,0.0,-166.25,0,208.0,3.7,2,0,3.7
371,2018-01-04 20:45:00,0.07,-0.0,0,0,0.0,0.0,-166.25,0,208.0,0,2,0,0
372,2018-01-04 21:00:00,0.07,-0.0,0,0,0.0,0.0,-166.25,0,208.0,0,2,0,0
373,2018-01-04 21:15:00,0.07,-0.0,0,0,0.0,0.0,-166.25,0,208.0,0,2,0,0
374,2018-01-04 21:30:00,0.07,-0.0,0,0,0.0,0.0,-166.25,0,208.0,0,2,0,0
375,2018-01-04 21:45:00,0.07,-0.0,0,0,0.0,0.0,-166.25,0,208.0,0,2,0,0
376,2018-01-04 22:00:00,0.07,-0.0,0,0,0.0,0.0,-166.25,0,208.0,0,2,0,0
377,2018-01-04 22:15:00,0.07,-0.0,0,0,0.0,0.0,-166.25,0,208.0,0,2,0,0
378,2018-01-04 22:30:00,0.07,-0.0,0,0,0.0,0.0,-166.25,0,208.0,0,2,0,0
379,2018-01-04 22:45:00,0.07,-0.0,0,0,0.0,0.0,-166.25,0,208.0,0,2,0,0
380,2018-01-04 23:00:00,0.07,-0.0,0,0,0.0,0.0,-166.25,0,208.0,0,2,0,0
381,2018-01-04 23:15:00,0.07,-0.0,0,0,0.0,0.0,-166.25,0,208.0,0,2,0,0
382,2018-01-04 23:30:00,0.07,-0.0,0,0,0.0,0.0,-166.25,0,208.0,0,2,0,0
383,2018-01-04 23:45:00,0.07,-0.0,0,0,0.0,0.0,-166.25,0,208.0,0,2,0,0
384,2018-01-05 00:00:00,0.07,-0.0,0,0,0.0,0.0,-166.25,0,208.0,0,2,0,0
385,2018-01-05 00:15:00,0.07,-0.0,0,0,0.0,0.0,-166.25,0,208.0,0,2,0,0
386,2018-01-05 00:30:00,0.07,-0.0,0,0,0.0,0.0,-166.25,0,208.0,0,2,0,0
387,2018-01-05 00:45:00,0.07,-0.0,0,0,0.0,0.0,-166.25,0,208.0,0,2,0,0
388,2018-01-05 01:00:00,0.07,-0.0,0,0,0.0,0.0,-166.25,0,208.0,0,2,0,0
389,2018-01-05 01:15:00,0.07,-0.0,0,0,0.0,0.0,-166.25,0,208.0,0,2,0,0
390,2018-01-05 01:30:00,0.07,-0.0,0,0,0.0,0.0,-166.25,0,208.0,0,2,0,0
391,2018-01-05 01:45:00,0.07,-0.0,0,0,0.0,0.0,-166.25,0,208.0,0,2,0,0
392,2018-01-05 02:00:00,0.07,-0.0,0,0,0.0,0.0,-166.25,0,208.0,0,2,0,0
393,2018-01-05 02:15:00,0.07,-0.0,0,0,0.0,0.0,-166.25,0,208.0,0,2,0,0
394,2018-01-05 02:30:00,0.07,-0.0,0,0,0.0,0.0,-166.25,0,208.0,0,2,0,0
395,2018-01-05 02:45:00,0.07,-0.0,0,0,0.0,0.0,-166.25,0,208.0,0,2,0,0
396,2018-01-05 03:00:00,0.07,-0.0,0,0,0.0,0.0,-166.25,0,208.0,0,2,0,0
397,2018-01-05 03:15:00,0.07,-0.0,0,0,0.0,0.0,-166.25,0,208.0,0,2,0,0
398,2018-01-05 03:30:00,0.07,-0.0,0,0,0.0,0.0,-166.25,0,208.0,0,2,0,0
399,2018-01-05 03:45:00,0.07,-0.0,0,0,0.0,0.0,-166.25,0,208.0,0,2,0,0
400,2018-01-05 04:00:00,0.07,-0.0,0,0,0.0,0.0,-166.25,0,208.0,0,2,0,0
401,2018-01-05 04:15:00,0.07,-0.0,0,0,0.0,0.0,-166.25,0,208.0,0,2,0,0
402,2018-01-05 04:30:00,0.07,-0.0,0,0,0.0,0.0,-166.25,0,208.0,0,2,0,0
403,2018-01-05 04:45:00,0.07,-0.0,0,0,0.0,0.0,-166.25,0,208.0,0,2,0,0
404,2018-01-05 05:00:00,0.07,-0.0,0,0,0.0,0.0,-166.25,0,208.0,0,2,0,0
405,2018-01-05 05:15:00,0.07,-0.0,0,0,0.0,0.0,-166.25,0,208.0,0,2,0,0
406,2018-01-05 05:30:00,0.07,-0.0,0,0,0.0,0.0,-166.25,0,208.0,0,2,0,0
407,2018-01-05 05:45:00,0.07,-0.0,0,0,0.0,0.0,-166.25,0,208.0,0,2,0,0
408,2018-01-05 06:00:00,0.13,-0.0,0,0,0.0,0.0,-166.25,0,208.0,0,2,0,0
409,2018-01-05 06:15:00,0.13,-0.0,0,0,0.0,0.0,-166.25,0,208.0,0,2,0,0
410,2018-01-05 06:30:00,0.13,-0.0,0,0,0.0,0.0,-166.25,0,208.0,0,2,0,0
411,2018-01-05 06:45:00,0.13,-0.0,0,0,0.0,0.0,-166.25,0,208.0,0,2,0,0
412,2018-01-05 07:00:00,0.13,-0.0,0,0,0.0,0.0,-166.25,0,208.0,0,2,0,0
413,2018-01-05 07:15:00,0.13,-0.0,0,0,0.0,0.0,-166.25,0,208.0,0,2,0,0
414,2018-01-05 07:30:00,0.13,-0.0,0,0,0.0,0.0,-166.25,0,208.0,0,2,0,0
415,2018-01-05 07:45:00,0.13,-0.0,0,0,0.0,0.0,-166.25,0,208.0,0,2,0,0
416,2018-01-05 08:00:00,0.13,-0.0,0,0,0.0,0.0,-166.25,0,208.0,0,2,0,0
417,2018-01-05 08:15:00,0.13,-0.0,0,0,0.0,0.0,-166.25,0,208.0,0,2,0,0
418,2018-01-05 08:30:00,0.13,-0.0,0,0,0.0,0.0,-166.25,0,175.0,0,0,0,0
419,2018-01-05 08:45:00,0.13,-0.0,0,0,0.0,0.0,-166.25,0,175.0,0,0,0,0
420,2018-01-05 09:00:00,0.13,-0.0,0,0,0.0,0.0,-166.25,0,175.0,0,0,0,0
421,2018-01-05 09:15:00,0.13,-0.0,0,0,0.0,0.0,-166.25,0,175.0,0,0,0,0
422,2018-01-05 09:30:00,0.13,-0.0,0,0,0.0,0.0,-166.25,0,175.0,0,0,0,0
423,2018-01-05 09:45:00,0.13,-0.0,0,0,0.0,0.0,-166.25,0,175.0,0,0,0,0
424,2018-01-05 10:00:00,0.13,-0.0,0,0,0.0,0.0,-166.25,0,175.0,0,0,0,0
425,2018-01-05 10:15:00,0.13,-0.0,0,0,0.0,0.0,-166.25,0,175.0,0,0,0,0
426,2018-01-05 10:30:00,0.13,-0.0,0,0,0.0,0.0,-166.25,0,175.0,0,0,0,0
427,2018-01-05 10:45:00,0.13,-0.0,0,0,0.0,0.0,-166.25,0,175.0,0,0,0,0
428,2018-01-05 11:00:00,0.13,-0.0,0,0,0.0,0.0,-166.25,0,175.0,0,0,0,0
429,2018-01-05 11:15:00,0.13,-0.0,0,0,0.0,0.0,-166.25,0,175.0,0,0,0,0
430,2018-01-05 11:30:00,0.13,-0.0,0,0,0.0,0.0,-166.25,0,175.0,0,0,0,0
431,2018-01-05 11:45:00,0.13,-0.0,0,0,0.0,0.0,-166.25,0,175.0,0,0,0,0
432,2018-01-05 12:00:00,0.13,-0.0,0,0,0.0,0.0,-166.25,0,175.0,0,0,0,0
433,2018-01-05 12:15:00,0.13,-0.0,0,0,0.0,0.0,-166.25,0,175.0,0,0,0,0
434,2018-01-05 12:30:00,0.13,-0.0,0,0,0.0,0.0,-166.25,0,175.0,0,0,0,0
435,2018-01-05 12:45:00,0.13,-0.0,0,0,0.0,0.0,-166.25,0,175.0,0,0,0,0
436,2018-01-05 13:00:00,0.13,-0.0,0,0,0.0,0.0,-166.25,0,175.0,0,0,0,0
437,2018-01-05 13:15:00,0.13,-0.0,0,0,0.0,0.0,-166.25,0,175.0,0,0,0,0
438,2018-01-05 13:30:00,0.13,-0.0,0,0,0.0,0.0,-166.25,0,175.0,0,0,0,0
439,2018-01-05 13:45:00,0.13,-0.0,0,0,0.0,0.0,-166.25,0,175.0,0,0,0,0
440,2018-01-05 14:00:00,0.13,-0.0,0,0,0.0,0.0,-166.25,0,175.0,0,0,0,0
441,2018-01-05 14:15:00,0.13,-0.0,0,0,0.0,0.0,-166.25,0,175.0,0,0,0,0
442,2018-01-05 14:30:00,0.13,-0.0,0,0,0.0,0.0,-166.25,0,175.0,0,0,0,0
443,2018-01-05 14:45:00,0.13,-0.0,0,0,0.0,0.0,-166.25,0,175.0,0,0,0,0
444,2018-01-05 15:00:00,0.13,-0.0,0,0,0.0,0.0,-166.25,0,175.0,0,0,0,0
445,2018-01-05 15:15:00,0.13,-0.0,0,0,0.0,0.0,-166.25,0,175.0,0,0,0,0
446,2018-01-05 15:30:00,0.13,-0.0,0,0,0.0,0.0,-166.25,0,175.0,0,0,0,0
447,2018-01-05 15:45:00,0.13,-0.0,0,0,0.0,0.0,-166.25,0,175.0,0,0,0,0
448,2018-01-05 16:00:00,0.13,-0.0,0,0,0.0,0.0,-166.25,0,175.0,0,0,0,0
449,2018-01-05 16:15:00,0.13,-0.0,0,0,0.0,0.0,-166.25,0,175.0,0,0,0,0
450,2018-01-05 16:30:00,0.13,-0.0,0,0,0.0,0.0,-166.25,0,175.0,0,0,0,0
451,2018-01-05 16:45:00,0.13,-0.0,0,0,0.0,0.0,-166.25,0,175.0,0,0,0,0
452,2018-01-05 17:00:00,0.03,-0.0,0,0,0.0,0.0,-166.25,0,175.0,0,0,0,0
453,2018-01-05 17:15:00,0.03,-0.0,0,0,0.0,0.0,-166.25,0,175.0,0,0,0,0
454,2018-01-05 17:30:00,0.03,-0.0,0,0,0.0,0.0,-166.25,0,175.0,0,0,0,0
455,2018-01-05 17:45:00,0.03,-18.34,0,0,0,0.0,-166.25,0,197.0,18.34,1,18.34,0
456,2018-01-05 18:00:00,0.03,-0.0,0,0,0.0,0.0,-166.25,0,197.0,0,1,0,0
457,2018-01-05 18:15:00,0.03,-11.0,0,0,0,0.0,-166.25,0,208.0,11.0,2,0,11.0
458,2018-01-05 18:30:00,0.03,-11.0,0,0,0,0.0,-166.25,0,208.0,11.0,2,0,11.0
459,2018-01-05 18:45:00,0.03,-11.0,0,0,0,0.0,-166.25,0,208.0,11.0,2,0,11.0
460,2018-01-05 19:00:00,0.03,-11.0,0,0,0,0.0,-166.25,0,208.0,11.0,2,0,11.0
461,2018-01-05 19:15:00,0.03,-11.0,0,0,0,0.0,-166.25,0,208.0,11.0,2,0,11.0
462,2018-01-05 19:30:00,0.03,-11.0,0,0,0,0.0,-166.25,0,208.0,11.0,2,0,11.0
463,2018-01-05 19:45:00,0.03,-11.0,0,0,0,0.0,-166.25,0,208.0,11.0,2,0,11.0
464,2018-01-05 20:00:00,0.03,-0.65,0,0,0,0.0,-166.25,0,208.0,0.65,2,0,0.65
465,2018-01-05 20:15:00,0.03,-0.0,0,0,0.0,0.0,-166.25,0,208.0,0,2,0,0
466,2018-01-05 20:30:00,0.03,-0.0,0,0,0.0,0.0,-166.25,0,208.0,0,2,0,0
467,2018-01-05 20:45:00,0.03,-0.0,0,0,0.0,0.0,-166.25,0,208.0,0,2,0,0
468,2018-01-05 21:00:00,0.03,-0.0,0,0,0.0,0.0,-166.25,0,208.0,0,2,0,0
469,2018-01-05 21:15:00,0.03,-0.0,0,0,0.0,0.0,-166.25,0,208.0,0,2,0,0
470,2018-01-05 21:30:00,0.03,-0.0,0,0,0.0,0.0,-166.25,0,208.0,0,2,0,0
471,2018-01-05 21:45:00,0.03,-0.0,0,0,0.0,0.0,-166.25,0,208.0,0,2,0,0
472,2018-01-05 22:00:00,0.03,-0.0,0,0,0.0,0.0,-166.25,0,208.0,0,2,0,0
473,2018-01-05 22:15:00,0.03,-0.0,0,0,0.0,0.0,-166.25,0,208.0,0,2,0,0
474,2018-01-05 22:30:00,0.03,-0.0,0,0,0.0,0.0,-166.25,0,208.0,0,2,0,0
475,2018-01-05 22:45:00,0.03,-0.0,0,0,0.0,0.0,-166.25,0,208.0,0,2,0,0
476,2018-01-05 23:00:00,0.03,-0.0,0,0,0.0,0.0,-166.25,0,208.0,0,2,0,0
477,2018-01-05 23:15:00,0.03,-0.0,0,0,0.0,0.0,-166.25,0,208.0,0,2,0,0
478,2018-01-05 23:30:00,0.03,-0.0,0,0,0.0,0.0,-166.25,0,208.0,0,2,0,0
479,2018-01-05 23:45:00,0.03,-0.0,0,0,0.0,0.0,-166.25,0,208.0,0,2,0,0
480,2018-01-06 00:00:00,0.03,-0.0,0,0,0.0,0.0,-166.25,0,208.0,0,2,0,0
481,2018-01-06 00:15:00,0.03,-0.0,0,0,0.0,0.0,-166.25,0,208.0,0,2,0,0
482,2018-01-06 00:30:00,0.03,-0.0,0,0,0.0,0.0,-166.25,0,208.0,0,2,0,0
483,2018-01-06 00:45:00,0.03,-0.0,0,0,0.0,0.0,-166.25,0,208.0,0,2,0,0
484,2018-01-06 01:00:00,0.03,-0.0,0,0,0.0,0.0,-166.25,0,208.0,0,2,0,0
485,2018-01-06 01:15:00,0.03,-0.0,0,0,0.0,0.0,-166.25,0,208.0,0,2,0,0
486,2018-01-06 01:30:00,0.03,-0.0,0,0,0.0,0.0,-166.25,0,208.0,0,2,0,0
487,2018-01-06 01:45:00,0.03,-0.0,0,0,0.0,0.0,-166.25,0,208.0,0,2,0,0
488,2018-01-06 02:00:00,0.03,-0.0,0,0,0.0,0.0,-166.25,0,208.0,0,2,0,0
489,2018-01-06 02:15:00,0.03,-0.0,0,0,0.0,0.0,-166.25,0,208.0,0,2,0,0
490,2018-01-06 02:30:00,0.03,-0.0,0,0,0.0,0.0,-166.25,0,208.0,0,2,0,0
491,2018-01-06 02:45:00,0.03,-0.0,0,0,0.0,0.0,-166.25,0,208.0,0,2,0,0
492,2018-01-06 03:00:00,0.03,-0.0,0,0,0.0,0.0,-166.25,0,208.0,0,2,0,0
493,2018-01-06 03:15:00,0.03,-0.0,0,0,0.0,0.0,-166.25,0,208.0,0,2,0,0
494,2018-01-06 03:30:00,0.03,-0.0,0,0,0.0,0.0,-166.25,0,208.0,0,2,0,0
495,2018-01-06 03:45:00,0.03,-0.0,0,0,0.0,0.0,-166.25,0,208.0,0,2,0,0
496,2018-01-06 04:00:00,0.03,-0.0,0,0,0.0,0.0,-166.25,0,208.0,0,2,0,0
497,2018-01-06 04:15:00,0.03,-0.0,0,0,0.0,0.0,-166.25,0,208.0,0,2,0,0
498,2018-01-06 04:30:00,0.03,-0.0,0,0,0.0,0.0,-166.25,0,208.0,0,2,0,0
499,2018-01-06 04:45:00,0.03,-0.0,0,0,0.0,0.0,-166.25,0,208.0,0,2,0,0
500,2018-01-06 05:00:00,0.03,-0.0,0,0,0.0,0.0,-166.25,0,208.0,0,2,0,0
501,2018-01-06 05:15:00,0.03,-0.0,0,0,0.0,0.0,-166.25,0,208.0,0,2,0,0
502,2018-01-06 05:30:00,0.03,-0.0,0,0,0.0,0.0,-166.25,0,208.0,0,2,0,0
503,2018-01-06 05:45:00,0.03,-0.0,0,0,0.0,0.0,-166.25,0,208.0,0,2,0,0
504,2018-01-06 06:00:00,0.2,-0.0,0,0,0.0,0.0,-166.25,0,208.0,0,2,0,0
505,2018-01-06 06:15:00,0.2,-0.0,0,0,0.0,0.0,-166.25,0,208.0,0,2,0,0
506,2018-01-06 06:30:00,0.2,-0.0,0,0,0.0,0.0,-166.25,0,208.0,0,2,0,0
507,2018-01-06 06:45:00,0.2,-0.0,0,0,0.0,0.0,-166.25,0,208.0,0,2,0,0
508,2018-01-06 07:00:00,0.2,-0.0,0,0,0.0,0.0,-166.25,0,208.0,0,2,0,0
509,2018-01-06 07:15:00,0.2,-0.0,0,0,0.0,0.0,-166.25,0,208.0,0,2,0,0
510,2018-01-06 07:30:00,0.2,-0.0,0,0,0.0,0.0,-166.25,0,208.0,0,2,0,0
511,2018-01-06 07:45:00,0.2,-0.0,0,0,0.0,0.0,-166.25,0,208.0,0,2,0,0
512,2018-01-06 08:00:00,0.2,-0.0,0,0,0.0,0.0,-166.25,0,208.0,0,2,0,0
513,2018-01-06 08:15:00,0.2,-0.0,0,0,0.0,0.0,-166.25,0,208.0,0,2,0,0
514,2018-01-06 08:30:00,0.2,-0.0,0,0,0.0,0.0,-166.25,0,186.0,0,1,0,0
515,2018-01-06 08:45:00,0.2,-0.0,0,0,0.0,0.0,-166.25,0,186.0,0,1,0,0
516,2018-01-06 09:00:00,0.2,-0.0,0,0,0.0,0.0,-166.25,0,186.0,0,1,0,0
517,2018-01-06 09:15:00,0.2,-0.0,0,0,0.0,0.0,-166.25,0,175.0,0,0,0,0
518,2018-01-06 09:30:00,0.2,-0.0,0,0,0.0,0.0,-166.25,0,175.0,0,0,0,0
519,2018-01-06 09:45:00,0.2,-0.0,0,0,0.0,0.0,-166.25,0,175.0,0,0,0,0
520,2018-01-06 10:00:00,0.2,-0.0,0,0,0.0,0.0,-166.25,0,175.0,0,0,0,0
521,2018-01-06 10:15:00,0.2,-0.0,0,0,0.0,0.0,-166.25,0,175.0,0,0,0,0
522,2018-01-06 10:30:00,0.2,-0.0,0,0,0.0,0.0,-166.25,0,175.0,0,0,0,0
523,2018-01-06 10:45:00,0.2,-0.0,0,0,0.0,0.0,-166.25,0,175.0,0,0,0,0
524,2018-01-06 11:00:00,0.2,-0.0,0,0,0.0,0.0,-166.25,0,175.0,0,0,0,0
525,2018-01-06 11:15:00,0.2,-0.0,0,0,0.0,0.0,-166.25,0,175.0,0,0,0,0
526,2018-01-06 11:30:00,0.2,-0.0,0,0,0.0,0.0,-166.25,0,175.0,0,0,0,0
527,2018-01-06 11:45:00,0.2,-0.0,0,0,0.0,0.0,-166.25,0,175.0,0,0,0,0
528,2018-01-06 12:00:00,0.2,-0.0,0,0,0.0,0.0,-166.25,0,175.0,0,0,0,0
529,2018-01-06 12:15:00,0.2,-0.0,0,0,0.0,0.0,-166.25,0,175.0,0,0,0,0
530,2018-01-06 12:30:00,0.2,-0.0,0,0,0.0,0.0,-166.25,0,175.0,0,0,0,0
531,2018-01-06 12:45:00,0.2,-0.0,0,0,0.0,0.0,-166.25,0,175.0,0,0,0,0
532,2018-01-06 13:00:00,0.2,-0.0,0,0,0.0,0.0,-166.25,0,175.0,0,0,0,0
533,2018-01-06 13:15:00,0.2,-0.0,0,0,0.0,0.0,-166.25,0,175.0,0,0,0,0
534,2018-01-06 13:30:00,0.2,-0.0,0,0,0.0,0.0,-166.25,0,175.0,0,0,0,0
535,2018-01-06 13:45:00,0.2,-0.0,0,0,0.0,0.0,-166.25,0,175.0,0,0,0,0
536,2018-01-06 14:00:00,0.2,-0.0,0,0,0.0,0.0,-166.25,0,175.0,0,0,0,0
537,2018-01-06 14:15:00,0.2,-0.0,0,0,0.0,0.0,-166.25,0,175.0,0,0,0,0
538,2018-01-06 14:30:00,0.2,-0.0,0,0,0.0,0.0,-166.25,0,175.0,0,0,0,0
539,2018-01-06 14:45:00,0.2,-0.0,0,0,0.0,0.0,-166.25,0,175.0,0,0,0,0
540,2018-01-06 15:00:00,0.2,-0.0,0,0,0.0,0.0,-166.25,0,175.0,0,0,0,0
541,2018-01-06 15:15:00,0.2,-0.0,0,0,0.0,0.0,-166.25,0,175.0,0,0,0,0
542,2018-01-06 15:30:00,0.2,-0.0,0,0,0.0,0.0,-166.25,0,175.0,0,0,0,0
543,2018-01-06 15:45:00,0.2,-0.0,0,0,0.0,0.0,-166.25,0,175.0,0,0,0,0
544,2018-01-06 16:00:00,0.2,-0.0,0,0,0.0,0.0,-166.25,0,175.0,0,0,0,0
545,2018-01-06 16:15:00,0.2,-0.0,0,0,0.0,0.0,-166.25,0,175.0,0,0,0,0
546,2018-01-06 16:30:00,0.2,-18.34,0,0,0,0.0,-166.25,0,197.0,18.34,1,18.34,0
547,2018-01-06 16:45:00,0.2,-0.0,0,0,0.0,0.0,-166.25,0,197.0,0,1,0,0
548,2018-01-06 17:00:00,0.04,-0.0,0,0,0.0,0.0,-166.25,0,197.0,0,1,0,0
549,2018-01-06 17:15:00,0.04,-0.0,0,0,0.0,0.0,-166.25,0,197.0,0,1,0,0
550,2018-01-06 17:30:00,0.04,-11.0,0,0,0,0.0,-166.25,0,208.0,11.0,2,0,11.0
551,2018-01-06 17:45:00,0.04,-11.0,0,0,0,0.0,-166.25,0,208.0,11.0,2,0,11.0
552,2018-01-06 18:00:00,0.04,-11.0,0,0,0,0.0,-166.25,0,208.0,11.0,2,0,11.0
553,2018-01-06 18:15:00,0.04,-11.0,0,0,0,0.0,-166.25,0,208.0,11.0,2,0,11.0
554,2018-01-06 18:30:00,0.04,-11.0,0,0,0,0.0,-166.25,0,208.0,11.0,2,0,11.0
555,2018-01-06 18:45:00,0.04,-11.0,0,0,0,0.0,-166.25,0,208.0,11.0,2,0,11.0
556,2018-01-06 19:00:00,0.04,-11.0,0,0,0,0.0,-166.25,0,208.0,11.0,2,0,11.0
557,2018-01-06 19:15:00,0.04,-11.0,0,0,0,0.0,-166.25,0,208.0,11.0,2,0,11.0
558,2018-01-06 19:30:00,0.04,-11.0,0,0,0,0.0,-166.25,0,208.0,11.0,2,0,11.0
559,2018-01-06 19:45:00,0.04,-2.23,0,0,0,0.0,-166.25,0,208.0,2.23,2,0,2.23
560,2018-01-06 20:00:00,0.04,-0.0,0,0,0.0,0.0,-166.25,0,208.0,0,2,0,0
561,2018-01-06 20:15:00,0.04,-0.0,0,0,0.0,0.0,-166.25,0,208.0,0,2,0,0
562,2018-01-06 20:30:00,0.04,-0.0,0,0,0.0,0.0,-166.25,0,208.0,0,2,0,0
563,2018-01-06 20:45:00,0.04,-0.0,0,0,0.0,0.0,-166.25,0,208.0,0,2,0,0
564,2018-01-06 21:00:00,0.04,-0.0,0,0,0.0,0.0,-166.25,0,208.0,0,2,0,0
565,2018-01-06 21:15:00,0.04,-0.0,0,0,0.0,0.0,-166.25,0,208.0,0,2,0,0
566,2018-01-06 21:30:00,0.04,-0.0,0,0,0.0,0.0,-166.25,0,208.0,0,2,0,0
567,2018-01-06 21:45:00,0.04,-0.0,0,0,0.0,0.0,-166.25,0,208.0,0,2,0,0
568,2018-01-06 22:00:00,0.04,-0.0,0,0,0.0,0.0,-166.25,0,208.0,0,2,0,0
569,2018-01-06 22:15:00,0.04,-0.0,0,0,0.0,0.0,-166.25,0,208.0,0,2,0,0
570,2018-01-06 22:30:00,0.04,-0.0,0,0,0.0,0.0,-166.25,0,208.0,0,2,0,0
571,2018-01-06 22:45:00,0.04,-0.0,0,0,0.0,0.0,-166.25,0,208.0,0,2,0,0
572,2018-01-06 23:00:00,0.04,-0.0,0,0,0.0,0.0,-166.25,0,208.0,0,2,0,0
573,2018-01-06 23:15:00,0.04,-0.0,0,0,0.0,0.0,-166.25,0,208.0,0,2,0,0
574,2018-01-06 23:30:00,0.04,-0.0,0,0,0.0,0.0,-166.25,0,208.0,0,2,0,0
575,2018-01-06 23:45:00,0.04,-0.0,0,0,0.0,0.0,-166.25,0,208.0,0,2,0,0
576,2018-01-07 00:00:00,0.04,-0.0,0,0,0.0,0.0,-166.25,0,208.0,0,2,0,0
577,2018-01-07 00:15:00,0.04,-0.0,0,0,0.0,0.0,-166.25,0,208.0,0,2,0,0
578,2018-01-07 00:30:00,0.04,-0.0,0,0,0.0,0.0,-166.25,0,208.0,0,2,0,0
579,2018-01-07 00:45:00,0.04,-0.0,0,0,0.0,0.0,-166.25,0,208.0,0,2,0,0
580,2018-01-07 01:00:00,0.04,-0.0,0,0,0.0,0.0,-166.25,0,208.0,0,2,0,0
581,2018-01-07 01:15:00,0.04,-0.0,0,0,0.0,0.0,-166.25,0,208.0,0,2,0,0
582,2018-01-07 01:30:00,0.04,-0.0,0,0,0.0,0.0,-166.25,0,208.0,0,2,0,0
583,2018-01-07 01:45:00,0.04,-0.0,0,0,0.0,0.0,-166.25,0,208.0,0,2,0,0
584,2018-01-07 02:00:00,0.04,-0.0,0,0,0.0,0.0,-166.25,0,208.0,0,2,0,0
585,2018-01-07 02:15:00,0.04,-0.0,0,0,0.0,0.0,-166.25,0,208.0,0,2,0,0
586,2018-01-07 02:30:00,0.04,-0.0,0,0,0.0,0.0,-166.25,0,208.0,0,2,0,0
587,2018-01-07 02:45:00,0.04,-0.0,0,0,0.0,0.0,-166.25,0,208.0,0,2,0,0
588,2018-01-07 03:00:00,0.04,-0.0,0,0,0.0,0.0,-166.25,0,208.0,0,2,0,0
589,2018-01-07 03:15:00,0.04,-0.0,0,0,0.0,0.0,-166.25,0,208.0,0,2,0,0
590,2018-01-07 03:30:00,0.04,-0.0,0,0,0.0,0.0,-166.25,0,208.0,0,2,0,0
591,2018-01-07 03:45:00,0.04,-0.0,0,0,0.0,0.0,-166.25,0,208.0,0,2,0,0
592,2018-01-07 04:00:00,0.04,-0.0,0,0,0.0,0.0,-166.25,0,208.0,0,2,0,0
593,2018-01-07 04:15:00,0.04,-0.0,0,0,0.0,0.0,-166.25,0,208.0,0,2,0,0
594,2018-01-07 04:30:00,0.04,-0.0,0,0,0.0,0.0,-166.25,0,208.0,0,2,0,0
595,2018-01-07 04:45:00,0.04,-0.0,0,0,0.0,0.0,-166.25,0,208.0,0,2,0,0
596,2018-01-07 05:00:00,0.04,-0.0,0,0,0.0,0.0,-166.25,0,208.0,0,2,0,0
597,2018-01-07 05:15:00,0.04,-0.0,0,0,0.0,0.0,-166.25,0,208.0,0,2,0,0
598,2018-01-07 05:30:00,0.04,-0.0,0,0,0.0,0.0,-166.25,0,208.0,0,2,0,0
599,2018-01-07 05:45:00,0.04,-0.0,0,0,0.0,0.0,-166.25,0,208.0,0,2,0,0
600,2018-01-07 06:00:00,0.19,-0.0,0,0,0.0,0.0,-166.25,0,208.0,0,2,0,0
601,2018-01-07 06:15:00,0.19,-0.0,0,0,0.0,0.0,-166.25,0,208.0,0,2,0,0
602,2018-01-07 06:30:00,0.19,-0.0,0,0,0.0,0.0,-166.25,0,208.0,0,2,0,0
603,2018-01-07 06:45:00,0.19,-0.0,0,0,0.0,0.0,-166.25,0,208.0,0,2,0,0
604,2018-01-07 07:00:00,0.19,-0.0,0,0,0.0,0.0,-166.25,0,208.0,0,2,0,0
605,2018-01-07 07:15:00,0.19,-0.0,0,0,0.0,0.0,-166.25,0,208.0,0,2,0,0
606,2018-01-07 07:30:00,0.19,-0.0,0,0,0.0,0.0,-166.25,0,208.0,0,2,0,0
607,2018-01-07 07:45:00,0.19,-0.0,0,0,0.0,0.0,-166.25,0,208.0,0,2,0,0
608,2018-01-07 08:00:00,0.19,-0.0,0,0,0.0,0.0,-166.25,0,208.0,0,2,0,0
609,2018-01-07 08:15:00,0.19,-0.0,0,0,0.0,0.0,-166.25,0,208.0,0,2,0,0
610,2018-01-07 08:30:00,0.19,-0.0,0,0,0.0,0.0,-166.25,0,208.0,0,2,0,0
611,2018-01-07 08:45:00,0.19,-0.0,0,0,0.0,0.0,-166.25,0,208.0,0,2,0,0
612,2018-01-07 09:00:00,0.19,-0.0,0,0,0.0,0.0,-166.25,0,208.0,0,2,0,0
613,2018-01-07 09:15:00,0.19,-0.0,0,0,0.0,0.0,-166.25,0,208.0,0,2,0,0
614,2018-01-07 09:30:00,0.19,-0.0,0,0,0.0,0.0,-166.25,0,208.0,0,2,0,0
615,2018-01-07 09:45:00,0.19,-0.0,0,0,0.0,0.0,-166.25,0,208.0,0,2,0,0
616,2018-01-07 10:00:00,0.19,-0.0,0,0,0.0,0.0,-166.25,0,208.0,0,2,0,0
617,2018-01-07 10:15:00,0.19,-0.0,0,0,0.0,0.0,-166.25,0,208.0,0,2,0,0
618,2018-01-07 10:30:00,0.19,-0.0,0,0,0.0,0.0,-166.25,0,208.0,0,2,0,0
619,2018-01-07 10:45:00,0.19,-0.0,0,0,0.0,0.0,-166.25,0,208.0,0,2,0,0
620,2018-01-07 11:00:00,0.19,-0.0,0,0,0.0,0.0,-166.25,0,208.0,0,2,0,0
621,2018-01-07 11:15:00,0.19,-0.0,0,0,0.0,0.0,-166.25,0,208.0,0,2,0,0
622,2018-01-07 11:30:00,0.19,-0.0,0,0,0.0,0.0,-166.25,0,208.0,0,2,0,0
623,2018-01-07 11:45:00,0.19,-0.0,0,0,0.0,0.0,-166.25,0,208.0,0,2,0,0
624,2018-01-07 12:00:00,0.19,-0.0,0,0,0.0,0.0,-166.25,0,208.0,0,2,0,0
625,2018-01-07 12:15:00,0.19,-0.0,0,0,0.0,0.0,-166.25,0,208.0,0,2,0,0
626,2018-01-07 12:30:00,0.19,-0.0,0,0,0.0,0.0,-166.25,0,208.0,0,2,0,0
627,2018-01-07 12:45:00,0.19,-0.0,0,0,0.0,0.0,-166.25,0,208.0,0,2,0,0
628,2018-01-07 13:00:00,0.19,-0.0,0,0,0.0,0.0,-166.25,0,208.0,0,2,0,0
629,2018-01-07 13:15:00,0.19,-0.0,0,0,0.0,0.0,-166.25,0,208.0,0,2,0,0
630,2018-01-07 13:30:00,0.19,-0.0,0,0,0.0,0.0,-166.25,0,208.0,0,2,0,0
631,2018-01-07 13:45:00,0.19,-0.0,0,0,0.0,0.0,-166.25,0,208.0,0,2,0,0
632,2018-01-07 14:00:00,0.19,-0.0,0,0,0.0,0.0,-166.25,0,208.0,0,2,0,0
633,2018-01-07 14:15:00,0.19,-0.0,0,0,0.0,0.0,-166.25,0,208.0,0,2,0,0
634,2018-01-07 14:30:00,0.19,-0.0,0,0,0.0,0.0,-166.25,0,208.0,0,2,0,0
635,2018-01-07 14:45:00,0.19,-0.0,0,0,0.0,0.0,-166.25,0,208.0,0,2,0,0
636,2018-01-07 15:00:00,0.19,-0.0,0,0,0.0,0.0,-166.25,0,208.0,0,2,0,0
637,2018-01-07 15:15:00,0.19,-0.0,0,0,0.0,0.0,-166.25,0,208.0,0,2,0,0
638,2018-01-07 15:30:00,0.19,-0.0,0,0,0.0,0.0,-166.25,0,208.0,0,2,0,0
639,2018-01-07 15:45:00,0.19,-0.0,0,0,0.0,0.0,-166.25,0,208.0,0,2,0,0
640,2018-01-07 16:00:00,0.19,-0.0,0,0,0.0,0.0,-166.25,0,208.0,0,2,0,0
641,2018-01-07 16:15:00,0.19,-0.0,0,0,0.0,0.0,-166.25,0,208.0,0,2,0,0
642,2018-01-07 16:30:00,0.19,-0.0,0,0,0.0,0.0,-166.25,0,208.0,0,2,0,0
643,2018-01-07 16:45:00,0.19,-0.0,0,0,0.0,0.0,-166.25,0,208.0,0,2,0,0
644,2018-01-07 17:00:00,0.01,-0.0,0,0,0.0,0.0,-166.25,0,208.0,0,2,0,0
645,2018-01-07 17:15:00,0.01,-0.0,0,0,0.0,0.0,-166.25,0,208.0,0,2,0,0
646,2018-01-07 17:30:00,0.01,-0.0,0,0,0.0,0.0,-166.25,0,208.0,0,2,0,0
647,2018-01-07 17:45:00,0.01,-0.0,0,0,0.0,0.0,-166.25,0,208.0,0,2,0,0
648,2018-01-07 18:00:00,0.01,-0.0,0,0,0.0,0.0,-166.25,0,208.0,0,2,0,0
649,2018-01-07 18:15:00,0.01,-0.0,0,0,0.0,0.0,-166.25,0,208.0,0,2,0,0
650,2018-01-07 18:30:00,0.01,-0.0,0,0,0.0,0.0,-166.25,0,208.0,0,2,0,0
651,2018-01-07 18:45:00,0.01,-0.0,0,0,0.0,0.0,-166.25,0,208.0,0,2,0,0
652,2018-01-07 19:00:00,0.01,-0.0,0,0,0.0,0.0,-166.25,0,208.0,0,2,0,0
653,2018-01-07 19:15:00,0.01,-0.0,0,0,0.0,0.0,-166.25,0,208.0,0,2,0,0
654,2018-01-07 19:30:00,0.01,-0.0,0,0,0.0,0.0,-166.25,0,208.0,0,2,0,0
655,2018-01-07 19:45:00,0.01,-0.0,0,0,0.0,0.0,-166.25,0,208.0,0,2,0,0
656,2018-01-07 20:00:00,0.01,-0.0,0,0,0.0,0.0,-166.25,0,208.0,0,2,0,0
657,2018-01-07 20:15:00,0.01,-0.0,0,0,0.0,0.0,-166.25,0,208.0,0,2,0,0
658,2018-01-07 20:30:00,0.01,-0.0,0,0,0.0,0.0,-166.25,0,208.0,0,2,0,0
659,2018-01-07 20:45:00,0.01,-0.0,0,0,0.0,0.0,-166.25,0,208.0,0,2,0,0
660,2018-01-07 21:00:00,0.01,-0.0,0,0,0.0,0.0,-166.25,0,208.0,0,2,0,0
661,2018-01-07 21:15:00,0.01,-0.0,0,0,0.0,0.0,-166.25,0,208.0,0,2,0,0
662,2018-01-07 21:30:00,0.01,-0.0,0,0,0.0,0.0,-166.25,0,208.0,0,2,0,0
663,2018-01-07 21:45:00,0.01,-0.0,0,0,0.0,0.0,-166.25,0,208.0,0,2,0,0
664,2018-01-07 22:00:00,0.01,-0.0,0,0,0.0,0.0,-166.25,0,208.0,0,2,0,0
665,2018-01-07 22:15:00,0.01,-0.0,0,0,0.0,0.0,-166.25,0,208.0,0,2,0,0
666,2018-01-07 22:30:00,0.01,-0.0,0,0,0.0,0.0,-166.25,0,208.0,0,2,0,0
667,2018-01-07 22:45:00,0.01,-0.0,0,0,0.0,0.0,-166.25,0,208.0,0,2,0,0
668,2018-01-07 23:00:00,0.01,-0.0,0,0,0.0,0.0,-166.25,0,208.0,0,2,0,0
669,2018-01-07 23:15:00,0.01,-0.0,0,0,0.0,0.0,-166.25,0,208.0,0,2,0,0
670,2018-01-07 23:30:00,0.01,-0.0,0,0,0.0,0.0,-166.25,0,208.0,0,2,0,0
671,2018-01-07 23:45:00,0.01,-0.0,0,0,0.0,0.0,-166.25,0,208.0,0,2,0,0